item_id,mase,smape,mse,mae
australia,8.615882647917308,0.039252880552495636,0.005502504229136673,0.059681908089773965
austria,11.08540661890361,0.04013211813418869,0.3876363088549363,0.5020871582031249
belgium,12.102997809418003,0.043251430422509354,3.2329712852032437,1.6070225882393976
canada,7.79712095365791,0.02807092445951065,0.0026224937994416696,0.03751541006905691
denmark,13.178549461143893,0.047835394467419017,0.14197885536359597,0.32282341902596606
finland,9.29362535509947,0.03349255135310388,0.05077351836716657,0.18187824292864122
france,7.491392947443001,0.026634649313432176,0.03453915662107289,0.16173661569867814
germany,10.809851819652305,0.03893275443748502,0.010003455004493702,0.06959477517264231
italy,15.648345948290718,0.05559571013180335,13615.261652888645,99.73044754464289
japan,14.344100017236162,0.045781553842464774,68.9668399108968,6.728139604840962
norway,11.097445218220866,0.04460735601022492,0.3081181854179108,0.4730961073739187
south_korea,11.59429256125393,0.04249373178512327,4884.658819545335,55.54593680245533
spain,11.010112153517099,0.03884092766017029,50.74405550174538,6.029771597726007
sweden,10.538541008693866,0.043495699164867396,0.29301793423981504,0.4536716469900947
switzerland,9.530395304947762,0.047251165178850245,0.002448022260165612,0.04154108705520631
taiwan,27.466258958985183,0.04677786847105951,3.5914885288199634,1.456263729640415
uk,6.707582925066503,0.025119036298516896,0.0004917619154428549,0.01982611680952672
