model,ann_ret,ann_vol,sharpe,sharpe_t,sharpe_net
ridge_returns_feat,0.08906580537024436,0.03819030744151579,2.3321573283126553,3.2632294475320807,2.159687296307333
tuned_ridge,0.07591887336431487,0.04005127169454487,1.8955421426644814,2.675649711475259,1.7247819143612586
mlp_feat,0.07294270717481005,0.039273509471987475,1.8573004591514222,2.62347365795894,1.6526667190181215
random_forest_feat,0.04537670463624431,0.03875436319053935,1.1708798932689364,1.6706300129689309,0.9503190321705333
patchtst_feat,0.053902071868183736,0.05139094549265664,1.0488632063771997,1.4985222072452467,0.9523711970714033
tuned_patchtst,0.04896590218317442,0.066665908963163,0.7344968807105156,1.052282324168285,0.6701398007266166
long_usd_passive,0.03885091954380009,0.07378796301108488,0.5265211012528381,0.7553022779550754,0.5265211012528381
ridge_returns,0.03612150727774865,0.07350886801660839,0.4913897908152723,0.705030624410968,0.4857771997904243
dlinear_raw_level,0.005126096661328991,0.05961660124549637,0.085984382776538,0.12351083368091308,0.007209354913594814
mlp,-0.0006598781479230784,0.05204793781708307,-0.012678276519660586,-0.01821215235956515,-0.1564126906136989
nlinear_feat,-0.008077834949972471,0.043131592620347,-0.1872834843145072,-0.2689833109225215,-0.3414923230066863
nlinear,-0.011387846276521067,0.04761696064530708,-0.23915525313233962,-0.34344575190694576,-0.41523677867294434
tuned_nlinear,-0.018683412386658018,0.053358128497780835,-0.3501511936917927,-0.5026816719421707,-0.503392684130524
rw_drift,-0.0231400446001607,0.06153449516811283,-0.3760499624957006,-0.5398119892788539,-0.4088372822550251
random_forest,-0.018360946194393133,0.03970660347882514,-0.46241543183578315,-0.6635498751060369,-0.6976108543062941
chronos_bolt,-0.032582133642163544,0.059639554910869086,-0.5463175184800981,-0.7836182075037484,-0.6092379549278062
patchtst,-0.045249056415505896,0.06786120882007747,-0.6667882462199594,-0.9557265584278485,-0.6866529318540856
hf_transformer,-0.04154847426811033,0.05759269050747145,-0.7214192270236148,-1.0336436346318778,-0.8258120023211297
tuned_dlinear,-0.04749038806729518,0.061231441433580384,-0.7755882754909413,-1.1108121807738054,-0.9261698044443825
dlinear,-0.07294840245916843,0.05062334913892833,-1.4410030884952374,-2.0489837313024513,-1.5986693305918445
random_walk,0.0,0.0,,,
