nation,random_walk,ridge_returns_feat
australia,4.332593313247312,4.277578293386734
canada,3.277384764569364,3.242386680899774
denmark,4.4397666360462456,4.3343305585617
eurozone,4.4355695347776924,4.413289863400971
japan,6.945495743897873,6.9614379554435555
norway,6.521297231660738,6.411195133365609
south_korea,5.372194942211355,5.332002251371368
sweden,5.486444908678266,5.474314451794332
switzerland,3.372200467537447,3.264938545026884
taiwan,6.4270241127801695,6.613323933901819
uk,4.851014919508909,4.772904848197451
