model,seed,nation,origin,mae,mse,smape,mase,diracc_h1,abserr_h1,pred_cret_h1,true_cret_h1,diracc_h5,abserr_h5,pred_cret_h5,true_cret_h5,diracc_h14,abserr_h14,pred_cret_h14,true_cret_h14,diracc_h30,abserr_h30,pred_cret_h30,true_cret_h30,fold
chronos_bolt,0,australia,5094,0.008319729434967024,0.00010432948912068524,0.005449363180411057,1.199214416530242,0.0,0.014433069229125906,-0.0022274552926787408,0.0071582452992853115,1.0,0.004021763916015608,-0.002860554923860304,-0.00023471117593732734,1.0,0.006289290313720608,-0.008109357881604424,-0.003984511421466864,1.0,0.015110443992614853,-0.017539354418363316,-0.0075644909850468445,0
chronos_bolt,0,canada,5094,0.003965843098958333,2.488694437006795e-05,0.002936646827821049,0.8201846567675961,1.0,0.006726257896423338,0.0013918887833314685,0.00637251610023277,1.0,0.002924840545654339,0.0028391848357873046,0.0006687969336007396,1.0,0.0012811697006225309,0.002612329402393441,0.0035617594141290295,1.0,0.004376162910461501,0.002616041514325184,0.00585533840122836,0
chronos_bolt,0,denmark,5094,0.0763062290700276,0.008633234520615705,0.01104165114554387,3.1053510958801307,0.0,0.052203791809081856,-7.30001010986642e-05,0.007463205983752149,1.0,0.02034389343261722,0.004401498689226118,0.0014623801753336125,0.0,0.05200118408203114,0.006592894691660831,-0.0009205133780137824,0.0,0.14537073211669949,0.013395459135382964,-0.007606922148817015,0
chronos_bolt,0,eurozone,5094,0.020126543884277356,0.0006059734933636302,0.01110000759352981,3.1160956927255787,1.0,0.012689485359191899,0.00011625792066264414,0.007099253854666844,1.0,0.0058527641296386435,0.004657495955721995,0.0014349184282758539,0.0,0.013819079017639124,0.006780637127488423,-0.0008287751178842344,0.0,0.038959982299804796,0.013527498090567637,-0.007929068433687556,0
chronos_bolt,0,japan,5094,5.122198913574218,29.996298166606948,0.034931325242506826,10.956585122227178,0.0,0.9431915283203125,-0.0022835220150939535,0.004072091645529477,0.0,2.6998474121093636,-0.011155588389210961,0.0070902025884348715,0.0,6.133585815429683,-0.026645691879144635,0.014961370198499606,0.0,7.210877075195299,-0.04370713737004245,0.005850526085713935,0
chronos_bolt,0,norway,5094,0.28268555277506496,0.10237254649215664,0.02731150928408586,6.6470459733635225,0.0,0.12237062683105471,-0.0035464719103706402,0.007958746843159387,1.0,0.08214990539550726,-0.012735513420506151,-0.004926083436939399,1.0,0.24693017883300783,-0.03320257954871321,-0.009434143877459982,1.0,0.5362177307128899,-0.05278098796852292,-0.00088613209165791,0
chronos_bolt,0,south_korea,5094,5.208814290364581,61.05286302655945,0.003926094823200265,1.0838361664173084,1.0,5.410058593749909,0.0021449393195836575,0.006218339583605476,1.0,1.2218017578125,0.005182225558173109,0.004262790090490674,1.0,0.0072998046875909495,0.004558398714913716,0.004563892881730177,1.0,2.2902099609375455,0.007712665255443573,0.005992894328273314,0
chronos_bolt,0,sweden,5094,0.19640572662353517,0.050931155569431834,0.018801183124994195,4.574850998595474,1.0,0.13767352905273356,0.0004935548079293669,0.013531544753913455,0.0,0.07868403015136671,0.004997626901040045,-0.002497023252609783,0.0,0.20445077819824142,0.0052032169606160954,-0.014384521859652784,0.0,0.27551191711425815,0.014764452424266309,-0.011466899099972222,0
chronos_bolt,0,switzerland,5094,0.013149748220443729,0.00019015732340673305,0.015050825833113127,3.003748087729885,1.0,0.005927300739288377,2.622338619125558e-05,0.006850327568657392,1.0,0.00707852840423584,0.0026783319636370755,0.010800978265397406,1.0,0.014118403911590582,0.0026323872270432648,0.01876914791457419,1.0,0.01637452354431157,0.0019337534641809561,0.02063814854358908,0
chronos_bolt,0,taiwan,5094,0.1525717264811193,0.030565707317066634,0.004855548903633855,2.8829179267353005,1.0,0.14698983764648332,0.000560814148749015,0.005256232894785877,1.0,0.06722306823730406,0.0024726543078843854,0.004618650585223109,1.0,0.23501763916015506,0.00262301810841494,0.010104476759868718,1.0,0.22118432617187622,0.006094534443112995,0.013112854980763108,0
chronos_bolt,0,uk,5094,0.007156544330374145,8.501721932760157e-05,0.00904960378897129,2.414149327474986,0.0,0.00945002615856938,-0.0010198361258327102,0.010882623197563217,1.0,0.00026682310394288145,0.002195379860892081,0.0018583323584185328,1.0,0.002060715090240528,0.005366748693781672,0.0027689881734933404,0.0,0.014169323083984331,0.011432545210892492,-0.006457478881259417,0
chronos_bolt,0,australia,5099,0.012423462882995591,0.00025237127012091927,0.008174106050553178,1.7907308054875137,1.0,0.0013656208801269276,-0.0024191813955973963,-0.0015269669187689696,1.0,0.004798539123535228,-0.004056506910479736,-0.000919816232088684,0.0,0.015671712150573835,-0.008875693808725533,0.001381395689736537,0.0,0.03657634662628184,-0.024058533521160625,7.824317984291168e-05,0
chronos_bolt,0,canada,5099,0.005061767965952553,3.565167346345686e-05,0.003746804843562351,1.046835267608661,0.0,0.002515038299560457,0.0009764115401347396,-0.0008918286793769926,1.0,0.0006076974868773899,0.001107956737710701,0.0015587889142064401,1.0,0.009590084648132269,0.00045297865986506703,0.007548601986410572,1.0,0.009271316146850506,0.003099366016302739,0.009941872518831081,0
chronos_bolt,0,denmark,5099,0.08621501266479482,0.009753631450563452,0.0124754864391514,3.5085980177875293,1.0,0.009028572845458882,0.0002418000299664475,0.0015469248922918041,1.0,0.009252008819579771,0.002637298368268031,0.0013013116163819586,0.0,0.06782716674804679,0.006421718459251847,-0.0033768392728794725,0.0,0.10133645706176786,0.012285536678059244,-0.0023031305220199633,0
chronos_bolt,0,eurozone,5099,0.022850832589467376,0.0006876752952387667,0.012603191083265606,3.5378841701111665,1.0,0.0024564268112181598,0.0004099935304558167,0.0017632315778509087,1.0,0.0025082855224609624,0.0027582416472168576,0.001377790242755764,0.0,0.017840424919128406,0.006563508751218529,-0.003259131206126664,0.0,0.02751118946075448,0.012338397377127816,-0.002761288514131686,0
chronos_bolt,0,japan,5099,3.4948574625651028,14.54840871964803,0.023619277618755694,7.475637694812963,0.0,0.475584106445325,-0.0023169905816796017,0.0008702055572906653,0.0,2.056121215820326,-0.0077049542384578906,0.006075596202591931,0.0,3.6033496093749875,-0.022062111553976044,0.0023077319226860113,0.0,6.515140991210927,-0.030496427148708455,0.013502932312931152,0
chronos_bolt,0,norway,5099,0.31360831685384105,0.13936595666459078,0.030276536723894236,7.374161428813248,1.0,0.013845408630370315,-0.003657528002952508,-0.004974260915164736,1.0,0.04835420532226564,-0.009118160347814298,-0.004508060440520505,0.0,0.353584449768066,-0.030261148006294664,0.0036673528912634294,0.0,0.7460058547973638,-0.0546113867394187,0.01734325222322015,0
chronos_bolt,0,south_korea,5099,8.736811523437519,151.96831534445326,0.006562642528753408,1.8179324084925865,0.0,2.4290771484375,0.0018271099030575063,0.0,1.0,3.0552246093750455,0.003115619778911536,0.005406027356737393,1.0,6.194677734375091,0.00716020897366767,0.0025189403698171135,1.0,7.140112304687591,0.012896056094441024,0.007575225604282587,0
chronos_bolt,0,sweden,5099,0.16147687108357753,0.03401128230610934,0.015493276173933168,3.761258073410246,0.0,0.05289696350097728,0.0017525757667986956,-0.003308716522736,0.0,0.031062458801269344,0.002541126671442118,-0.0004255451464811982,0.0,0.1667044342041013,0.0052212951093635355,-0.01076098307084595,1.0,0.01944560546874996,0.010565591102666985,0.008724285421158634,0
chronos_bolt,0,switzerland,5099,0.006310001001358034,6.180419747346382e-05,0.007154508978604217,1.441370064556512,0.0,0.0016892862319946023,-0.0005021674729764775,0.0014275519911853237,0.0,0.005803584575653109,-6.124139024777805e-05,0.0065499308637326885,1.0,0.0028755395889282775,0.0030518645045398635,0.00632282588347987,1.0,0.01858188343048095,0.005320809717453187,0.02622453963601358,0
chronos_bolt,0,taiwan,5099,0.15774323221842426,0.04260293373090718,0.005000249437913161,2.980636075059039,0.0,0.0027766265869146878,8.85407040033994e-05,0.0,0.0,0.015320999145508551,0.00039283062873015083,-9.567241771495016e-05,1.0,0.2046080322265631,0.0014783132258385336,0.00797234561765515,1.0,0.5094965209960947,0.0029773220368002995,0.019046690758222743,0
chronos_bolt,0,uk,5099,0.0071817829120229045,7.377614778366183e-05,0.00908887192692587,2.422663171881032,0.0,0.002646628080322233,-0.0018790643942334778,0.0014653756695610272,0.0,0.003325639811309844,-0.00038792742494355743,0.0038065071951669588,0.0,0.0036632071927490406,0.0033969745802433925,-0.0012260964772102213,1.0,0.0039897921906433265,0.007511921168745523,0.0024963844163598202,0
chronos_bolt,0,australia,5104,0.009347443379720044,0.00012352961459737708,0.006135346957582657,1.347350168810493,0.0,0.004106554870605406,0.0011522815291596976,-0.0015283731682420696,1.0,0.006440816383361803,-0.000978924253177273,-0.005195530715540295,1.0,0.016068282966613667,-0.003119130344889367,-0.013694613381398579,0.0,0.017795126724243104,-0.0112924820025707,0.000384990592061545,0
chronos_bolt,0,canada,5104,0.0030092780303955014,1.3561128744025844e-05,0.002224113254202276,0.6223553496421704,1.0,0.002539252662658642,0.0026956053194105278,0.0008155397842289279,1.0,0.0011954364776611826,0.002367258118623499,0.0014823052556641992,0.0,0.0018838129043579066,0.001025850719809299,-0.0003709198855581943,1.0,0.001466181755065854,0.004784517197302971,0.003701651459750884,0
chronos_bolt,0,denmark,5104,0.08971737510681142,0.009458838999487589,0.012982570512367935,3.651129829148624,1.0,0.0010176437377928949,0.00020694853846516288,0.000353952899066077,0.0,0.04331944046020464,0.0015693601216451407,-0.004699927181412978,0.0,0.1333415504455564,0.004777396225820498,-0.014584349911352016,0.0,0.08762775039672821,0.010568433114157245,-0.002039473915334126,0
chronos_bolt,0,eurozone,5104,0.0240079370435079,0.0006769599292456324,0.013241894028597535,3.7170330704887395,1.0,8.296947479258243e-05,0.000431117010155531,0.0003854413350951085,0.0,0.01155451908111571,0.0017358017696616778,-0.004636921448882439,0.0,0.03513109493255606,0.004879221334336023,-0.014562354280197027,0.0,0.023908179092407167,0.010468586417486986,-0.002647036039771407,0
chronos_bolt,0,japan,5104,1.2225758463541656,2.071472802934251,0.008164964247638667,2.615137864611212,1.0,0.09830383300780454,-0.0011208984349913808,-0.00046604528140481314,0.0,0.8037377929687466,-0.003358632819526393,0.0019948804700513807,1.0,0.9482263183593886,-0.007662481169111809,-0.014042962235818494,0.0,1.7209155273437489,-0.004074689774201001,0.007361264091815167,0
chronos_bolt,0,norway,5104,0.28116336949666326,0.11842793375146758,0.0268927082236175,6.611253474836113,0.0,0.024772523498535648,0.0007818271390391585,-0.001575489334350877,0.0,0.10006047363281212,-0.007572674543527343,0.0019718108794572636,1.0,0.13575413818359294,-0.0211490377443222,-0.008046209781820884,0.0,0.6671653686523431,-0.03204190291433468,0.031428208837002675,0
chronos_bolt,0,south_korea,5104,17.35284993489585,400.4902146680362,0.012963390184430565,3.610734670391936,0.0,4.959741210937409,0.00348319332991078,-0.00022466861473963785,0.0,11.929858398437545,0.0056226062534666665,-0.003300209258208015,0.0,18.03146972656259,0.010007394371640662,-0.003450477863622421,1.0,10.0361328125,0.015481865951165071,0.008054635782808347,0
chronos_bolt,0,sweden,5104,0.15535855021158854,0.031337751476264664,0.014898541067746924,3.6187448848584807,0.0,0.05788512115478461,0.0019479073010676168,-0.003593265781473427,0.0,0.15090913391113325,0.001190987622773619,-0.01333099522524845,0.0,0.28159145812988307,0.006372933040109879,-0.020754399797766734,1.0,0.15228246459960992,0.008132118889349652,0.02247636295657556,0
chronos_bolt,0,switzerland,5104,0.005625305150349932,6.66352722187794e-05,0.006325739413543781,1.2849675374005378,0.0,0.003217004108428956,-0.002178930884599354,0.0014749265210678467,1.0,0.00027115087509155256,3.275464370103255e-05,0.0003405607933925783,0.0,0.004044072341918947,0.002657914901495392,-0.0019320383325484405,1.0,0.01525452442169184,0.0053170633776857676,0.022398421568350126,0
chronos_bolt,0,taiwan,5104,0.27662751210530595,0.10808595674254742,0.008760313995162904,5.22701310439233,0.0,0.048467178344726136,-0.00028602512557658697,0.0012589542782027855,1.0,0.20295690917968656,0.0003361872300987316,0.006785936138914832,1.0,0.14904306030273418,0.000684077798981993,0.005422911916480519,1.0,0.5807991180419947,0.00214089944221313,0.020455581530847432,0
chronos_bolt,0,uk,5104,0.010481322144924927,0.00013732616137934894,0.013225997538827434,3.5357116003355102,1.0,0.0006746348061829055,-0.0009687299407538252,-0.00011917260733886059,0.0,0.006347519261657664,0.0006929316293397627,-0.007322560605883177,0.0,0.016155849548797563,0.0044125122337333395,-0.01603943733256793,0.0,0.009906753432922355,0.008749271015766136,-0.003687773595334762,0
chronos_bolt,0,australia,5109,0.007776671176910388,0.00010745884809071983,0.005098897672373437,1.1209374368318152,1.0,0.0016729468536376135,0.002114875934477767,0.00320949761985822,1.0,0.0013661837005616295,0.0033100806576582854,0.004203007208550385,0.0,0.012393342399597218,0.004401161208599085,-0.0037267491298609034,0.0,0.006141595153808632,0.002353500627116552,-0.0016743328741857862,0
chronos_bolt,0,canada,5109,0.0036524926630656057,1.913160538723179e-05,0.0026984753710496373,0.7553799700218804,1.0,0.000497443389892549,0.0013303077789382888,0.0009623214896169623,1.0,0.004276870727539128,0.0005354087797479675,0.0036961786674470803,1.0,0.0005259841918945352,0.0015732732852030285,0.0011842642293013908,1.0,0.009626784706115776,0.00038742006915459115,0.007489013660039915,0
chronos_bolt,0,denmark,5109,0.06440237648010244,0.005070488462232476,0.009339115309632905,2.6209130344553477,0.0,0.02264747467040973,0.0005221337471852347,-0.0027694506061743842,0.0,0.03251053390502889,0.0034435439360581276,-0.0012711050518241123,0.0,0.08481186828613296,0.0066288041182620515,-0.00567798690840762,1.0,0.06507755889892586,0.010366522196186743,0.0009722122219740152,0
chronos_bolt,0,eurozone,5109,0.017504277025858564,0.0003702178793282376,0.009675044480814311,2.7101027656896,0.0,0.0059695686340333065,0.0005363148589042879,-0.002770315094200992,0.0,0.008596197319030718,0.00347760854821294,-0.0012733918230497774,0.0,0.022968652153015245,0.00660037999175284,-0.006104855655836833,1.0,0.01815702514648443,0.010324708199741378,0.00033192266506706637,0
chronos_bolt,0,japan,5109,0.9455453694661486,1.8390259407009246,0.006319025562011601,2.022558768662605,0.0,0.45021545410156705,-0.001597019427576748,0.0013940522703743087,1.0,0.0787506103515625,-0.0022029054980988866,-0.0027273348908653425,1.0,2.1662927246093773,-0.0011878528938828233,-0.015700381088925824,1.0,0.16652709960936818,0.007851166728235883,0.0067529800803068606,0
chronos_bolt,0,norway,5109,0.14695726043701166,0.03738734451583338,0.013832530393317128,3.4555415253981696,1.0,0.01578350830078179,-8.700946215688758e-05,-0.001586645907589266,0.0,0.026874334716797676,0.0009037689953080185,-0.0016484525147353142,0.0,0.044076493835449426,-0.0018221489462700803,0.002361052286116446,0.0,0.24571714324951088,-0.0037061428322026613,0.019437346198821655,0
chronos_bolt,0,south_korea,5109,8.74720052083335,162.55420343514325,0.006561986352914732,1.8200941233249324,0.0,2.041748046875,0.001495255123573886,-3.7565034470292516e-05,1.0,5.226904296875091,0.0043307195444072825,0.00041312227128786867,0.0,25.378247070312455,0.00899607429317202,-0.010080311878375336,1.0,2.6764648437499545,0.014227991339483293,0.016208414154788513,0
chronos_bolt,0,sweden,5109,0.12863951680501298,0.025811540922385873,0.01229094605939158,2.9963821932864794,0.0,0.04206639251708921,0.0016674301303939067,-0.002411668397625604,0.0,0.05748406829833996,0.005469825704535888,-8.724269469128936e-05,1.0,0.08078130645751891,0.009294269890807864,0.0015061593128447655,1.0,0.21018857727050744,0.01213097972840795,0.032059438572451034,0
chronos_bolt,0,switzerland,5109,0.010642959057490036,0.00020512696927307307,0.011957995573128105,2.431131560908654,1.0,0.00029418163299566036,-0.0009018100985495699,-0.0005676657736453323,0.0,0.004085601615905765,-9.716335581775015e-05,0.00452976257242591,1.0,0.0017990157127379947,0.0006818902535438707,0.0027203190479193388,0.0,0.022038577270507842,-0.0012931315978549289,0.02344470813894783,0
chronos_bolt,0,taiwan,5109,0.15721126708984368,0.03268721713852077,0.004950015853895933,2.970584331915313,0.0,0.033451095581053636,0.0007425762471221309,-0.000316816629186473,1.0,0.04677966308593895,0.003029385143356594,0.0015509522472110734,0.0,0.2563122863769536,0.0055379422777716986,-0.002569105556941874,1.0,0.2095997009277326,0.009454995573178113,0.01601039737359645,0
chronos_bolt,0,uk,5109,0.0044082415400451625,3.459137374246578e-05,0.00559198178996363,1.4870519706109264,1.0,0.0002689324079284683,-0.0008143157714040086,-0.00047313026139479377,1.0,0.000530413075256364,0.0013024048503906547,0.0019737883628574357,0.0,0.008207020479980454,0.004902392978151572,-0.005505971627778573,1.0,0.0010615152762756264,0.006478023654887593,0.0051399769456997625,0
