model,mase,smape,mae,mse,diracc_h1,diracc_h5,diracc_h14,diracc_h30,mase_std,dm_stat,dm_p,pt_p_h5,pt_p_h30
ridge_returns_feat,5.008882046850018,0.017611482119330852,2.654226854086495,108.66874671964688,0.5751748251748252,0.5611888111888111,0.5367132867132867,0.5384615384615384,2.1222746994399846,-1.260777016744336,0.2102376592101237,2.1894921225561208e-05,6.3741476722269835e-06
tuned_ridge,5.015610957923245,0.01763060427144345,2.6672669601846004,109.5053279675633,0.576048951048951,0.5533216783216783,0.5183566433566433,0.5358391608391608,2.131384862542505,-0.21101856875652006,0.8332897124569902,0.00011525674820845626,9.666999069495606e-06
ridge_returns,5.0260117442604955,0.017734805391342895,2.6596404902719475,109.77927801543267,0.49038461538461536,0.5445804195804196,0.5594405594405595,0.5926573426573427,2.210852706242818,-1.289599009526106,0.2000781567890902,0.5243704071230025,1.0
mlp,5.034146007831786,0.017755676082355336,2.659987416624972,109.87965320848627,0.5032051282051282,0.5090326340326341,0.4965034965034965,0.5591491841491841,2.2011581508711995,-0.7229019836877629,0.4713784394522482,0.63866975697556,0.24143825766452187
random_walk,5.0419078704468525,0.017781088697494556,2.670350718949418,110.17691650174187,0.056818181818181816,0.0008741258741258741,0.0017482517482517483,0.0008741258741258741,2.2106870719005896,,,1.0,1.0
tuned_patchtst,5.055066144814326,0.017853486401795522,2.6761663002843754,111.63790522356913,0.4755244755244755,0.5227272727272727,0.5303030303030303,0.5104895104895105,2.2157086694440897,0.1382164394405656,0.8903392189069095,0.1654624531970253,0.9669015019682535
random_forest_feat,5.094732568859919,0.01796468235942134,2.716681031517544,111.59691349994496,0.5565268065268065,0.527972027972028,0.4988344988344989,0.5171911421911422,2.2011738002299253,1.4555550538154318,0.14855685938819502,0.0003194873375924278,0.012835347225170744
patchtst,5.106346209523001,0.018009809042572787,2.70082160407788,113.51104717531628,0.46532634032634024,0.49358974358974367,0.5209790209790209,0.546037296037296,2.1914607487255027,0.608516951937098,0.5441843124955174,0.891204792048548,0.9904429865683475
random_forest,5.115578386700924,0.01811458657878105,2.7377023410869477,115.7998155887183,0.48280885780885774,0.49621212121212116,0.5058275058275058,0.5043706293706294,2.2609860831040245,1.309679108942488,0.19321814792254924,0.6445964212908432,0.9407323751336836
mlp_feat,5.12833300480103,0.017983963685382198,2.7164918158187463,112.27443331202345,0.5370046620046619,0.5439976689976689,0.49796037296037293,0.49271561771561767,2.1149714980258083,2.017165925164792,0.046279801902293166,0.0005997878389247851,0.1409682841453601
dlinear,5.147428309138617,0.018159056036130983,2.7576596892479084,115.29808585642952,0.43298368298368295,0.4571678321678322,0.43939393939393934,0.4344405594405594,2.1750051380491797,2.2655474141968552,0.02557157687615099,0.999425027242583,0.9998854277955816
nlinear,5.15773704848643,0.018194478606774665,2.7664900802296515,115.80035888010781,0.46853146853146854,0.5,0.4379370629370629,0.45017482517482516,2.170735493977172,2.3636316067633367,0.019972731755803358,0.9328156904892306,0.9996199054492129
tuned_dlinear,5.162067250149093,0.018237209171906212,2.7577581130358633,114.03377537050801,0.4455128205128205,0.4831002331002331,0.46940559440559443,0.4571678321678322,2.0985594816201916,1.3687605426521114,0.17405196514370794,0.9590139500191402,0.9988368554764686
tuned_nlinear,5.170565687048603,0.018255311633295284,2.781586394540034,115.3767920330102,0.45600233100233095,0.49533799533799533,0.4423076923076923,0.41346153846153844,2.1641625619780873,2.3158042452727154,0.022550704326862934,0.9957136702404402,0.9999999933275983
patchtst_feat,5.358605523110039,0.018819917182106342,2.765707294025271,116.27378826136314,0.5017482517482518,0.5244755244755245,0.5343822843822843,0.5553613053613053,2.078827216584804,0.962715169750297,0.33794521762831126,0.09493410620311943,1.635287812026279e-05
rw_drift,5.554874587609345,0.019604399906410802,2.9917968352940365,154.22445151713535,0.4729020979020979,0.49475524475524474,0.48513986013986016,0.4772727272727273,2.720222576596421,1.5370161049433941,0.12735571824561098,0.8572256096163131,0.9991088294135034
chronos_bolt,5.589262617789056,0.0197495651063372,3.0038260655667584,136.64136772778508,0.45367132867132864,0.5008741258741258,0.5078671328671329,0.5192307692307693,2.3674085013184167,1.9626578378706214,0.052383258449978064,0.9910865987876768,0.9926594877736468
hf_transformer,6.190456947816632,0.021544684806356205,3.370652778126442,174.70784652923479,0.48645104895104896,0.4715909090909091,0.46984265734265734,0.5196678321678322,3.0076774760959717,2.286222789843481,0.024288256785586528,0.8670325680372635,0.7649361841364792
nlinear_feat,6.325468025252824,0.022072044251465157,3.091997265504686,134.18798328702258,0.4973776223776224,0.5142773892773892,0.4956293706293706,0.5189393939393939,1.8753073478819458,5.006932269083955,2.294532589435513e-06,0.4911696742313636,0.1593356300528776
dlinear_raw_level,7.06130966528585,0.024168979757438806,4.817539795301573,307.95670854526435,0.48776223776223776,0.49358974358974356,0.49679487179487175,0.49358974358974367,2.625592124001794,8.965428512373823,1.469076081646258e-14,0.5174007599176781,0.9254679641938839
